SCR,MOHRE_ESTABLISHMENT_ID,YOUR_BANK_WPS_ROUTING_CODE,20260303,1200,012026,5,55174.399999999994
EDR,EMP-001,000000000,NO_ACCOUNT,...,...,0,20645.16,7741.9400000000005
EDR,EMP-002,000000000,NO_ACCOUNT,...,...,0,22000,5500
EDR,EMP-003,000000000,NO_ACCOUNT,...,...,0,2000,2000
EDR,EMP-004,000000000,NO_ACCOUNT,...,...,0,1000,699
EDR,EMP-005,000000000,NO_ACCOUNT,...,...,0,500,449
